index,I_float,Q_float
0,-0.92041,-0.390625
1,-0.390381,-0.933594
2,-0.92627,-0.389404
3,-0.385254,-0.931152
4,0.381836,0.915039
5,-0.921387,-0.366455
6,-0.913086,-0.378418
7,-0.398926,-0.928223
8,0.382812,0.918457
9,-0.387695,0.918945
10,0.391113,-0.929688
11,0.397949,-0.925293
12,-0.930176,0.386963
13,-0.941406,-0.388672
14,0.394531,-0.911133
15,-0.394531,0.909668
16,-0.922852,-0.377441
17,-0.382568,0.930664
18,-0.924805,-0.377197
19,-0.392334,-0.924805
20,0.375977,0.932617
21,-0.919434,-0.378418
22,0.900391,0.377441
23,0.379883,-0.918945
24,-0.382568,-0.922363
25,0.370605,-0.927246
26,-0.361572,0.918945
27,-0.924316,-0.380127
28,0.92041,-0.388916
29,-0.919922,-0.381836
30,0.386963,0.932617
31,-0.397705,-0.937012
32,-0.918457,0.383301
33,-0.930176,-0.380127
34,-0.926758,-0.379639
35,0.385498,-0.929199
36,-0.383057,0.929199
37,0.385986,-0.937988
38,0.940918,0.384033
39,0.917969,0.37915
40,0.393799,0.916992
41,-0.377686,0.918945
42,0.385986,0.921875
43,-0.918457,0.39624
44,0.923828,-0.396973
45,-0.374756,0.925781
46,-0.374512,0.935059
47,-0.936523,-0.37207
48,-0.924805,-0.376709
49,0.926758,0.382324
50,0.935059,0.380127
51,-0.392578,-0.930664
52,-0.930664,-0.378418
53,0.384033,-0.930664
54,0.918945,0.388672
55,0.917969,0.369629
56,0.919434,-0.385498
57,-0.92041,-0.391846
58,-0.383301,0.928711
59,0.388428,-0.929688
60,-0.391602,-0.933105
61,-0.379395,-0.930664
62,-0.375244,-0.92627
63,-0.380615,-0.924805
64,0.932129,-0.383789
65,0.39209,-0.920898
66,0.371826,0.921875
67,-0.929688,-0.384766
68,0.924316,-0.381836
69,-0.386475,0.922363
70,0.924805,0.391846
71,-0.396973,-0.919922
72,0.399414,0.932129
73,-0.923828,0.376709
74,-0.388184,-0.925781
75,0.925293,-0.38916
76,0.919434,-0.374268
77,0.374023,-0.928711
78,-0.385742,0.931641
79,0.929688,0.382324
80,0.919434,0.375488
81,0.919922,-0.38501
82,-0.382568,-0.912109
83,0.915527,-0.367188
84,-0.931641,-0.391357
85,0.928223,0.384033
86,0.917969,0.378174
87,-0.393799,0.930176
88,0.38208,-0.920898
89,-0.376465,0.930176
90,0.917969,-0.385254
91,-0.920898,-0.373535
92,0.929688,0.390869
93,-0.91748,0.376709
94,-0.930176,0.376221
95,0.931152,-0.381836
96,-0.924805,-0.38916
97,-0.387451,0.922363
98,-0.375488,-0.931641
99,-0.925781,-0.378906
100,-0.388184,-0.923828
101,0.373779,-0.929688
102,0.389893,-0.932129
103,0.38916,0.920898
104,-0.378906,0.919434
105,0.915039,0.36792
106,-0.937012,0.366211
107,-0.388672,0.916016
108,0.907715,0.388428
109,0.387451,0.916504
110,-0.92041,-0.388184
111,-0.383057,-0.908691
112,-0.9375,0.361572
113,0.898438,0.381592
114,-0.918457,0.376953
115,-0.910645,0.371338
116,-0.921875,0.38208
117,-0.914062,-0.373047
118,0.914551,-0.385742
119,-0.911133,-0.392578
120,0.908203,0.370117
121,0.384521,-0.916992
122,0.922852,0.389648
123,0.371338,0.92041
124,-0.922852,0.37915
125,0.374512,0.916992
126,0.380615,0.923828
127,0.392578,-0.925781
128,-0.372559,-0.92041
129,0.92334,-0.371338
130,0.378906,-0.911133
131,0.921387,-0.381348
132,-0.378662,-0.927246
133,-0.37793,-0.922852
134,-0.92627,0.371094
135,0.383789,0.913574
136,0.912109,0.380615
137,0.374756,0.918945
138,-0.922852,-0.37915
139,-0.916504,-0.379395
140,0.916992,0.381592
141,-0.383545,-0.94043
142,-0.386475,0.927734
143,0.946289,-0.38916
144,0.922852,-0.391846
145,-0.39209,0.917969
146,0.921875,-0.387695
147,0.388428,0.92627
148,0.930664,-0.381104
149,0.370605,-0.925293
150,0.919434,-0.384033
151,0.379639,0.916504
152,0.921875,-0.393066
153,0.388428,-0.933105
154,0.935059,0.385498
155,-0.934082,-0.389648
156,-0.362793,-0.933594
157,0.367188,0.930176
158,-0.94043,0.383545
159,-0.922852,-0.379395
160,-0.924316,-0.38208
161,0.924805,0.395996
162,-0.93457,0.373291
163,0.381104,0.935059
164,-0.386963,0.918457
165,-0.38916,-0.929688
166,-0.380371,0.925781
167,0.388184,-0.925293
168,0.919434,-0.358887
169,0.920898,0.385742
170,-0.931152,-0.39624
171,0.393066,-0.91748
172,-0.905762,-0.382568
173,0.924316,0.402832
174,0.372559,0.929688
175,0.383545,0.932129
176,0.916992,0.38916
177,0.935547,0.400391
178,-0.380371,0.915039
179,0.907715,-0.381592
180,0.928711,-0.387939
181,-0.931152,-0.368896
182,-0.389893,-0.898926
183,-0.916504,-0.372803
184,-0.375488,0.918945
185,-0.389893,-0.919434
186,-0.927246,-0.38501
187,-0.385986,0.915039
188,0.933594,0.384277
189,0.376465,0.918945
190,0.384033,0.92041
191,0.915527,-0.379639
192,0.927246,0.394775
193,-0.92627,-0.378174
194,0.928711,0.388916
195,-0.918457,0.376465
196,0.92627,0.379639
197,0.929688,-0.371582
198,-0.932129,-0.38208
199,-0.925293,0.373047
200,0.380371,-0.921875
201,-0.928711,0.385742
202,0.914551,-0.382812
203,-0.374023,0.938965
204,0.375732,-0.927734
205,0.927246,-0.383057
206,-0.389893,-0.927246
207,-0.393311,-0.918457
208,0.373535,-0.927734
209,-0.932617,-0.380127
210,-0.386719,-0.92041
211,-0.918457,-0.376221
212,0.924316,-0.386719
213,0.912109,-0.386963
214,0.916504,-0.392334
215,0.918457,-0.393799
216,0.922363,0.378174
217,-0.394043,-0.927246
218,0.369629,-0.933594
219,-0.377197,-0.930176
220,-0.936523,-0.39502
221,-0.91748,-0.369629
222,-0.922363,-0.37793
223,-0.929199,-0.376709
224,-0.377197,0.920898
225,0.92041,-0.377197
226,0.384766,0.930664
227,-0.924805,0.379395
228,-0.931152,0.390137
229,0.387695,0.921387
230,-0.388184,0.936523
231,-0.928223,0.373779
232,0.931152,0.383789
233,0.379883,0.927734
234,0.931152,-0.388672
235,0.927246,-0.388184
236,-0.935547,-0.375732
237,0.930664,-0.392334
238,0.387695,-0.9375
239,0.370605,-0.921875
240,-0.378906,0.933594
241,0.935059,-0.398193
242,0.91748,0.372803
243,0.934082,0.374268
244,-0.938477,-0.391357
245,-0.931641,0.376953
246,-0.384033,-0.929199
247,-0.919922,0.381836
248,-0.927246,-0.390625
249,0.377686,0.922363
250,-0.390869,0.927246
251,0.926758,0.372559
252,-0.383789,0.921387
253,0.928711,0.387695
254,-0.381104,-0.919922
255,-0.924316,0.38208
256,-0.369141,-0.92627
257,-0.932129,-0.390625
258,0.371338,-0.94043
259,0.380371,-0.938477
260,0.395752,-0.917969
261,0.918457,0.389893
262,0.373779,0.918945
263,-0.933105,0.382324
264,-0.927734,0.383301
265,-0.936035,0.375488
266,-0.391602,0.92334
267,0.931641,0.393555
268,0.932129,0.387939
269,0.394287,-0.930664
270,0.385986,0.94043
271,0.374268,0.924316
272,0.374268,0.924805
273,-0.378662,-0.915527
274,-0.916016,-0.370361
275,0.389404,0.924805
276,0.917969,-0.381348
277,0.918945,-0.393066
278,0.375732,-0.922363
279,0.925293,-0.390625
280,-0.917969,0.389648
281,0.377197,0.923828
282,0.911133,-0.390869
283,0.386719,0.915039
284,-0.377441,0.915527
285,-0.916504,0.38501
286,-0.394531,0.916016
287,0.371094,0.920898
288,0.379395,-0.92041
289,-0.394043,0.924805
290,-0.929199,0.366455
291,-0.931152,0.379883
292,-0.930664,0.379395
293,-0.368896,-0.924805
294,-0.391357,0.93457
295,-0.922852,0.387695
296,0.922363,0.398682
297,0.922363,0.392334
298,-0.377686,-0.940918
299,0.388428,-0.91748
300,-0.384277,-0.922363
301,0.926758,-0.395752
302,-0.387451,0.929199
303,-0.381104,0.910645
304,-0.381348,0.931152
305,0.923828,-0.378418
306,-0.390137,0.927246
307,0.376953,-0.928711
308,0.922363,0.385254
309,-0.375,-0.925781
310,-0.924316,0.372314
311,0.387451,0.911621
312,0.922363,0.382568
313,0.924316,-0.393799
314,0.92041,-0.381104
315,0.386719,0.913086
316,-0.925781,-0.384033
317,-0.927734,0.376709
318,-0.91748,-0.386963
319,0.381836,0.933594
320,-0.92334,0.378174
321,-0.92334,-0.390137
322,0.377441,0.928223
323,-0.376953,0.907715
324,-0.929199,0.383545
325,0.922852,0.386475
326,0.383057,0.915527
327,-0.918457,0.377197
328,-0.927734,0.372559
329,-0.921875,-0.377441
330,-0.379395,-0.929199
331,-0.380615,-0.938477
332,0.933105,-0.379395
333,0.924805,-0.380615
334,-0.383545,0.927246
335,0.932129,-0.388428
336,-0.939453,0.384277
337,-0.378418,0.921387
338,0.382568,-0.935547
339,0.390625,0.928711
340,0.370117,0.914062
341,0.918945,-0.390137
342,-0.371582,0.918457
343,-0.372314,0.935059
344,0.910645,0.381592
345,-0.92627,0.375977
346,0.389893,0.917969
347,-0.383301,0.915527
348,-0.918457,0.383301
349,0.379395,-0.929199
350,0.38916,0.923828
351,0.379639,-0.928223
352,-0.386963,-0.914062
353,-0.385986,-0.90625
354,-0.927246,0.395752
355,-0.922363,-0.377441
356,-0.386719,-0.916504
357,0.376221,0.918457
358,0.382812,0.918457
359,-0.925293,-0.374023
360,-0.397705,-0.92041
361,0.927246,0.387451
362,-0.929199,-0.380859
363,-0.937012,-0.376953
364,-0.376709,0.931641
365,0.935547,-0.386475
366,0.933594,-0.390869
367,-0.368896,0.936523
368,0.927246,0.366943
369,-0.383545,-0.933594
370,0.386963,0.922363
371,-0.931152,0.390137
372,-0.924805,0.378174
373,-0.923828,0.396729
374,0.38501,-0.904297
375,-0.385254,-0.908691
376,-0.919922,0.377686
377,0.92041,0.381836
378,0.931641,0.392822
379,-0.903809,0.374512
380,0.936523,-0.378174
381,-0.385498,-0.938477
382,-0.380127,-0.924805
383,-0.918945,-0.373779
384,-0.381104,-0.915527
385,-0.386963,0.92041
386,0.908203,0.359375
387,-0.919922,-0.38208
388,-0.923828,0.402344
389,-0.932617,-0.385254
390,-0.379639,-0.941895
391,-0.931152,-0.390137
392,-0.391602,-0.941895
393,0.394287,0.931641
394,0.380371,0.935547
395,-0.932129,-0.371582
396,-0.929199,-0.380615
397,0.374512,-0.933105
398,0.390869,-0.926758
399,-0.379883,-0.927246
400,0.932129,0.384521
401,0.924805,0.377441
402,-0.376465,-0.929688
403,0.373535,0.921387
404,-0.384033,-0.914551
405,-0.384766,0.916016
406,0.37793,0.922363
407,0.380371,-0.910645
408,-0.925293,0.36792
409,-0.372314,0.90918
410,0.909668,-0.381592
411,0.376465,0.911133
412,0.38501,-0.918457
413,0.378418,0.925781
414,-0.378662,-0.936523
415,0.388916,0.914551
416,-0.924316,-0.389648
417,0.922852,-0.369385
418,-0.377686,-0.917969
419,0.907715,-0.399902
420,-0.372559,0.924316
421,0.376465,0.933105
422,0.92334,-0.388916
423,-0.384277,-0.933594
424,-0.929688,0.375732
425,-0.388184,-0.936035
426,0.927734,-0.375732
427,0.928223,0.377441
428,0.945312,-0.381592
429,0.403076,-0.923828
430,-0.928711,-0.382812
431,-0.936523,-0.371582
432,-0.388916,-0.916504
433,-0.918457,0.381348
434,-0.919434,-0.379395
435,-0.916992,0.385742
436,0.390381,0.913086
437,-0.913086,0.372803
438,-0.376465,0.916992
439,0.391602,0.912598
440,0.914062,-0.393799
441,-0.930664,0.376465
442,-0.381836,0.916992
443,-0.92041,-0.388184
444,-0.37207,-0.918945
445,-0.383301,0.927734
446,-0.380859,0.925293
447,0.384033,0.916016
448,-0.914062,0.363281
449,0.911621,-0.37915
450,0.916016,0.374268
451,0.394531,-0.923828
452,-0.921387,-0.383545
453,-0.914062,0.365234
454,0.92041,0.375977
455,0.387939,-0.913574
456,-0.933105,0.383057
457,0.381836,-0.921387
458,-0.92334,-0.387695
459,-0.384521,-0.938965
460,-0.375,-0.919922
461,0.929199,-0.381592
462,-0.393799,0.935059
463,-0.935547,-0.393066
464,-0.932129,-0.391602
465,-0.375244,0.919922
466,0.940918,0.36499
467,-0.386963,-0.941406
468,-0.910645,0.384277
469,0.935059,-0.386719
470,0.38916,0.913086
471,-0.93457,-0.371094
472,-0.399902,0.928223
473,0.918457,0.38501
474,-0.927246,0.391113
475,0.92041,-0.38208
476,0.929688,0.377441
477,0.366699,-0.933105
478,0.93457,0.375977
479,-0.409668,-0.945801
480,0.378174,-0.945312
481,0.385742,0.929199
482,0.92627,0.364502
483,0.388428,-0.924805
484,0.382324,-0.933105
485,-0.918945,-0.380127
486,-0.929688,-0.380127
487,0.921875,-0.38623
488,0.918457,-0.375977
489,0.378906,0.926758
490,0.908691,-0.387207
491,0.388184,0.897461
492,0.915527,0.38208
493,-0.387695,-0.922363
494,0.368652,-0.93457
495,0.391113,-0.928223
496,0.921387,0.376221
497,-0.921387,0.378418
498,-0.38916,-0.937012
499,-0.918945,0.386719
500,0.402832,0.936035
501,0.943359,0.387451
502,-0.945312,-0.387207
503,-0.943848,-0.383301
504,0.402588,0.922363
505,0.381592,0.92627
506,0.392822,0.924316
507,0.918457,0.384277
508,0.921875,-0.367188
509,-0.388916,0.916504
510,0.374268,0.924316
511,0.38916,0.918945
512,0.911621,-0.373779
513,0.914551,0.379883
514,-0.921387,0.374023
515,-0.377197,0.929688
516,0.90625,0.385498
517,0.919922,-0.38916
518,-0.931152,-0.391602
519,-0.929199,-0.386719
520,-0.393555,0.926758
521,0.92041,0.386963
522,0.389404,-0.924316
523,0.912598,-0.372803
524,0.912109,0.385498
525,0.92334,0.37207
526,-0.92627,-0.392578
527,-0.369873,-0.921875
528,0.371094,0.922363
529,-0.38623,-0.917969
530,-0.915039,0.372559
531,-0.389404,-0.928223
532,-0.379395,-0.925781
533,0.914062,-0.385254
534,-0.377197,0.918945
535,0.377686,0.926758
536,0.372314,0.922852
537,-0.924805,0.365967
538,0.921387,0.369141
539,-0.37793,-0.923828
540,0.384033,-0.924805
541,-0.929688,-0.391602
542,0.911621,-0.375
543,0.926758,-0.382568
544,-0.369873,-0.924316
545,-0.915527,0.391113
546,-0.925293,-0.383301
547,0.368652,-0.921387
548,0.916504,-0.379639
549,-0.383545,-0.923828
550,0.382812,-0.920898
551,0.374268,-0.918457
552,0.911621,-0.386475
553,0.919434,-0.377197
554,0.378906,0.898438
555,0.377686,-0.916504
556,-0.912598,0.382324
557,-0.914551,-0.368652
558,0.369873,0.916016
559,-0.380127,0.92041
560,0.374756,-0.914062
561,0.921387,-0.370605
562,-0.914551,0.385742
563,0.916504,-0.373779
564,0.387451,0.924316
565,-0.377441,-0.925781
566,-0.388916,-0.927734
567,0.927734,-0.389893
568,0.912109,-0.38916
569,0.919434,-0.384521
570,0.930176,-0.393555
571,-0.375,0.939453
572,-0.390869,-0.936035
573,0.386963,-0.927734
574,0.377441,-0.931152
575,-0.930664,-0.386719
576,0.372559,-0.935059
577,-0.380859,0.925293
578,-0.381836,0.915527
579,-0.375,0.916016
580,-0.922363,-0.382324
581,0.916504,0.379395
582,-0.915527,-0.385498
583,-0.910645,-0.387695
584,0.916992,0.388428
585,0.907715,0.382324
586,-0.920898,0.373779
587,-0.383301,-0.924316
588,0.385986,-0.907227
589,-0.911621,-0.389404
590,-0.379639,0.910645
591,0.380127,0.92627
592,0.370361,-0.922852
593,-0.938477,0.379639
594,-0.925293,-0.377686
595,-0.91748,-0.36499
596,0.930664,-0.376953
597,0.937988,0.378174
598,0.393311,-0.93457
599,0.936523,0.382324
600,0.384521,0.922363
601,-0.925293,0.376465
602,-0.922363,-0.390137
603,-0.914551,0.382324
604,0.374268,-0.92627
605,-0.923828,-0.373291
606,0.384521,-0.947266
607,-0.388672,-0.92627
608,-0.932617,0.374756
609,0.373535,-0.925293
610,-0.917969,-0.385254
611,0.943359,-0.375244
612,-0.918457,-0.385254
613,0.919922,-0.372559
614,-0.389893,0.9375
615,0.92041,0.383057
616,-0.913086,-0.389893
617,-0.364258,-0.924805
618,0.381348,-0.922363
619,-0.384033,-0.92627
620,-0.918945,-0.386719
621,0.385986,-0.903809
622,-0.922852,0.375977
623,-0.373047,0.919922
624,-0.899414,-0.379395
625,0.384277,-0.922363
626,0.389648,0.899414
627,0.382812,0.927246
628,-0.929688,-0.377441
629,0.924316,0.378174
630,-0.92627,0.38208
631,0.919922,-0.386963
632,0.37207,-0.927246
633,0.92627,0.383545
634,-0.383057,0.916504
635,-0.918945,-0.376465
636,0.934082,0.371582
637,-0.385254,-0.907227
638,-0.374268,0.932129
639,0.926758,0.372314
640,0.38623,-0.924316
641,0.925293,-0.373535
642,-0.377441,0.911133
643,0.385498,0.922852
644,-0.372803,-0.927734
645,-0.923828,-0.370605
646,-0.398682,-0.919922
647,-0.382568,0.931152
648,-0.381836,0.928223
649,0.381104,0.938477
650,-0.924805,-0.388916
651,-0.935059,-0.389648
652,0.386719,-0.935547
653,-0.933105,-0.390137
654,-0.918945,0.393555
655,-0.385498,0.932129
656,-0.390625,-0.932617
657,-0.936035,0.375
658,-0.374023,-0.942383
659,0.392334,-0.927246
660,-0.921387,0.374268
661,-0.390625,0.921387
662,0.383057,0.92041
663,-0.367432,-0.930176
664,0.364258,0.922852
665,0.92334,-0.383057
666,-0.933594,0.366699
667,0.94043,-0.377197
668,0.378418,-0.916992
669,-0.927734,-0.391602
670,0.366943,0.913086
671,-0.382324,-0.930664
672,-0.392578,-0.919434
673,-0.916016,-0.381348
674,0.921875,0.397949
675,0.391357,-0.914551
676,-0.916016,-0.396484
677,0.386963,-0.931641
678,-0.919922,-0.386719
679,-0.933594,0.363281
680,0.377686,0.921387
681,0.395996,-0.929688
682,0.924805,0.386719
683,0.939453,-0.379883
684,-0.925781,-0.403564
685,0.91748,0.39502
686,-0.91748,0.36499
687,-0.916504,-0.393555
688,0.384766,-0.920898
689,-0.377197,-0.920898
690,0.915527,-0.383545
691,-0.385254,-0.934082
692,-0.366699,0.913574
693,-0.903809,-0.384766
694,-0.915039,-0.387207
695,0.37207,-0.936523
696,0.918945,-0.383301
697,-0.918457,-0.385254
698,0.924316,-0.40625
699,0.921875,0.364746
700,-0.400879,-0.914062
701,0.918457,-0.383545
702,0.378418,-0.92041
703,-0.385986,-0.927246
704,-0.397705,-0.916504
705,0.391357,0.924316
706,-0.375488,0.92627
707,-0.924805,0.390869
708,0.941895,0.374756
709,0.927734,-0.389893
710,0.387939,0.928223
711,-0.931152,0.394043
712,0.388428,0.933105
713,0.38208,-0.936523
714,0.915039,-0.39917
715,0.410156,0.930664
716,0.925781,-0.380127
717,-0.932129,0.377686
718,0.387207,0.924316
719,0.916504,0.364746
720,0.39917,0.915039
721,0.92041,-0.377441
722,-0.922363,0.37915
723,-0.913574,0.367432
724,0.925293,-0.382324
725,-0.382568,-0.927246
726,-0.918457,-0.393799
727,0.379883,-0.916992
728,-0.382568,-0.940918
729,-0.907715,0.364014
730,-0.918945,0.379883
731,0.365479,0.893066
732,0.385498,-0.921875
733,0.927246,-0.387695
734,0.381592,0.912109
735,-0.368652,-0.932617
736,-0.373291,-0.930664
737,0.943359,0.39209
738,-0.943848,-0.377441
739,0.394775,0.911133
740,0.938477,-0.384033
741,0.926758,-0.384521
742,0.378906,-0.928711
743,0.388672,0.916016
744,0.382812,0.910645
745,-0.377197,-0.929688
746,-0.921875,-0.404053
747,-0.930176,0.371826
748,0.373535,0.925781
749,-0.394775,-0.936035
750,-0.944824,0.373535
751,-0.384277,-0.938965
752,-0.938965,-0.385986
753,-0.380615,0.915039
754,-0.394531,-0.935059
755,-0.388428,-0.928223
756,-0.917969,-0.388916
757,0.924805,-0.383301
758,0.376953,-0.943359
759,0.930664,-0.393066
760,0.921875,-0.39624
761,0.377441,0.933594
762,0.378906,0.939941
763,0.391846,0.921387
764,0.392578,-0.92334
765,-0.383545,0.918945
766,-0.924316,0.368408
767,0.916504,0.379883
768,0.928223,0.384766
769,-0.381836,0.916992
770,-0.374512,-0.932617
771,-0.929688,-0.399658
772,0.375488,0.930176
773,0.389404,-0.92041
774,-0.918945,-0.38623
775,0.929688,0.392334
776,-0.383789,0.92627
777,0.935547,0.385742
778,0.380615,-0.928223
779,0.40332,0.915039
780,-0.364258,0.932617
781,-0.388916,-0.929199
782,-0.349854,0.932129
783,-0.389893,-0.929688
784,0.926758,0.384521
785,-0.377441,0.925293
786,-0.927246,0.362549
787,-0.918945,-0.39502
788,0.376953,-0.922852
789,0.393799,-0.936035
790,-0.928223,-0.403076
791,0.380859,-0.923828
792,0.386475,-0.939941
793,0.930176,-0.396973
794,-0.934082,-0.406494
795,0.929688,-0.386475
796,0.399658,0.905762
797,-0.932129,-0.393799
798,0.922852,0.364014
799,0.925781,0.370361
800,0.927734,-0.415771
801,0.37793,-0.945312
802,0.924316,-0.368652
803,0.376709,0.90918
804,0.393799,-0.928223
805,-0.921387,-0.393311
806,-0.366455,-0.956055
807,0.935059,-0.405518
808,0.407227,0.90332
809,0.907715,-0.422119
810,0.412598,0.885742
811,-0.380371,0.892578
812,0.392334,0.922852
813,0.939941,0.327393
814,-0.410889,0.902832
815,0.349854,-0.983887
816,0.727051,0.209229
817,-1.046875,0.327148
818,-1.058594,0.323975
819,-0.443604,-1.033203
820,-1.056641,0.350098
821,-0.458496,-1.022461
822,-0.980469,0.35498
823,-0.410645,-0.962891
824,0.348877,0.952148
825,-0.962891,-0.377441
826,-0.407715,-0.933594
827,0.892578,-0.388428
828,0.356201,0.907715
829,-0.931641,0.366943
830,0.907227,0.358887
831,-0.396484,-0.944336
832,-0.397949,-0.942383
833,0.376221,-0.925293
834,-0.404297,-0.938477
835,-0.40625,-0.936523
836,0.375488,-0.935547
837,0.349609,-0.916016
838,0.902344,0.376709
839,-0.924805,0.389404
840,0.362305,0.90918
841,-0.403076,0.915527
842,0.896484,0.37207
843,-0.924316,0.37085
844,0.90918,0.381592
845,-0.378418,-0.922363
846,0.376221,0.92334
847,0.363037,0.905762
848,-0.932129,-0.376221
849,-0.931152,-0.379883
850,-0.392822,0.913086
851,-0.394287,-0.913086
852,-0.922852,-0.382568
853,0.919922,0.391846
854,0.36792,-0.925293
855,0.380371,-0.929199
856,0.910156,-0.368408
857,-0.37793,0.919922
858,-0.389404,0.919434
859,0.925781,-0.380127
860,-0.928223,0.37793
861,-0.930176,0.376465
862,-0.395264,-0.894043
863,0.887695,-0.38501
864,0.378662,-0.919922
865,0.364746,-0.931641
866,-0.937988,0.390625
867,-0.92334,0.390869
868,-0.382324,-0.916992
869,0.92041,-0.380859
870,-0.387939,0.925781
871,-0.932617,-0.37793
872,-0.397949,-0.930176
873,0.924316,0.373291
874,-0.385254,0.922852
875,0.913086,-0.380615
876,-0.917969,-0.386719
877,-0.397461,-0.922852
878,0.912598,0.385986
879,0.90625,0.37793
880,-0.935059,-0.382812
881,-0.401611,-0.947754
882,-0.949707,-0.375488
883,-0.94043,0.394531
884,-0.938965,0.385742
885,-0.933594,-0.393555
886,-0.391602,-0.919922
887,0.929199,-0.386719
888,0.91748,0.365479
889,0.906738,-0.388428
890,-0.930664,0.358887
891,0.906738,-0.397217
892,-0.382324,-0.91748
893,0.918457,-0.386963
894,0.374512,-0.922852
895,-0.382812,-0.916992
896,0.916992,0.371582
897,-0.376221,0.926758
898,0.371826,0.916016
899,-0.397949,-0.928223
900,-0.388184,0.922852
901,-0.392334,-0.907715
902,-0.384766,-0.905273
903,-0.386963,-0.902344
904,0.909668,-0.373291
905,-0.385986,0.921387
906,-0.939453,0.378662
907,-0.9375,0.382812
908,0.386475,-0.919922
909,-0.378662,-0.930176
910,0.385498,-0.936035
911,-0.918945,-0.383545
912,0.940918,-0.386475
913,-0.381836,-0.928223
914,0.911621,0.382568
915,0.38208,0.921387
916,0.369385,0.921387
917,-0.389893,0.923828
918,-0.938965,-0.390625
919,-0.388672,0.92334
920,0.389404,-0.925781
921,-0.384277,-0.916016
922,0.921387,-0.406494
923,0.925781,0.381836
924,0.92627,-0.387207
925,0.928223,-0.391602
926,0.378906,0.92041
927,0.37793,-0.916016
928,-0.938965,0.392578
929,0.373047,-0.935547
930,0.37207,0.921875
931,-0.37085,0.936523
932,0.379883,0.925781
933,-0.38208,0.916992
934,0.38208,-0.921387
935,0.919434,0.372559
936,-0.378662,-0.910645
937,-0.371094,-0.925781
938,-0.916992,0.38623
939,-0.390869,0.901367
940,0.914062,0.386475
941,0.368408,0.931152
942,-0.389893,0.926758
943,-0.376953,-0.920898
944,0.916992,-0.370605
945,-0.931152,0.376709
946,0.922363,-0.376953
947,-0.925781,0.384521
948,0.377686,-0.914062
949,0.382812,0.917969
950,0.925781,-0.380371
951,-0.374756,-0.927246
952,-0.379639,-0.92041
953,-0.923828,0.38623
954,-0.921387,0.38916
955,-0.403809,-0.916992
956,0.917969,-0.402344
957,0.925293,0.385254
958,-0.400146,-0.921875
959,-0.935547,-0.375244
960,-0.383789,0.92041
961,-0.931152,-0.384521
962,0.368164,-0.940918
963,-0.377441,0.914062
964,0.366455,0.916016
965,-0.918457,-0.385742
966,-0.390137,0.92334
967,0.383545,-0.91748
968,0.914551,-0.379395
969,0.930176,0.387695
970,0.924805,-0.369629
971,-0.380127,-0.916992
972,-0.936523,0.389404
973,0.922363,-0.384277
974,0.383789,0.930176
975,0.924316,-0.36792
976,-0.912598,0.392822
977,-0.389893,-0.927734
978,-0.917969,0.399902
979,0.373535,-0.931152
980,-0.383301,-0.935059
981,-0.927246,0.387451
982,-0.924316,-0.388428
983,-0.927246,-0.390625
984,-0.384277,-0.9375
985,-0.924805,-0.386719
986,0.912109,-0.370605
987,-0.914551,-0.379883
988,-0.919922,0.386719
989,-0.925293,0.373047
990,0.385742,-0.90332
991,0.913086,0.394775
992,-0.908691,-0.39917
993,0.912109,-0.374023
994,-0.907715,-0.391602
995,-0.913086,-0.392578
996,0.910156,0.374512
997,0.369385,0.918457
998,0.905273,-0.373291
999,0.366211,0.918457
1000,0.932129,-0.375977
1001,0.382568,0.91748
1002,0.366211,0.914551
1003,0.914551,-0.376709
1004,0.921387,-0.371826
1005,0.373291,0.930176
1006,-0.388916,0.914551
1007,-0.365967,-0.914551
1008,0.914062,-0.371826
1009,-0.383789,0.921875
1010,0.921875,0.38623
1011,0.375732,0.92627
1012,0.918457,-0.388184
1013,0.374512,0.928223
1014,0.919434,0.381592
1015,-0.394775,0.914062
1016,0.37793,-0.928223
1017,-0.379639,0.927246
1018,-0.942383,0.383789
1019,0.92627,0.386963
1020,0.932617,-0.373779
1021,0.936035,-0.380615
1022,-0.930664,-0.37915
1023,-0.935059,-0.375732
1024,0.38916,-0.916016
1025,-0.9375,-0.38501
1026,0.932129,-0.384033
1027,0.915527,0.38501
1028,-0.383545,0.920898
1029,0.916992,0.387207
1030,-0.930176,0.376221
1031,0.926758,0.371338
1032,-0.388672,0.922852
1033,0.37915,0.925781
1034,0.374756,-0.931152
1035,-0.386963,0.922363
1036,0.394775,-0.92334
1037,-0.935059,0.385742
1038,-0.397705,0.924805
1039,-0.926758,-0.390625
1040,0.373047,0.933105
1041,-0.391113,-0.93457
1042,0.930664,0.383545
1043,0.38916,-0.922852
1044,-0.390137,-0.919922
1045,0.381348,0.928223
1046,-0.920898,0.388184
1047,-0.385742,-0.929688
1048,-0.389648,-0.925293
1049,0.383057,0.927246
1050,0.380615,0.916992
1051,0.394043,0.927246
1052,0.386963,-0.92334
1053,-0.378906,-0.932129
1054,-0.92627,-0.385986
1055,0.384521,-0.924805
1056,0.381348,0.922852
1057,-0.382812,0.936035
1058,0.928711,0.36792
1059,-0.382568,-0.940918
1060,0.924316,-0.384521
1061,0.387451,0.914551
1062,-0.376465,0.923828
1063,-0.385742,0.918457
1064,-0.919434,0.380615
1065,-0.378662,0.911621
1066,0.91748,0.394287
1067,0.377197,-0.918945
1068,-0.924316,0.373535
1069,0.918945,0.376465
1070,-0.941895,0.380127
1071,-0.376465,-0.921875
1072,0.39209,0.929688
1073,0.380859,0.923828
1074,-0.908203,0.392578
1075,-0.92334,-0.361084
1076,0.911133,0.388672
1077,-0.372559,0.935547
1078,-0.928223,0.377441
1079,0.916992,0.375732
1080,0.923828,0.38623
1081,0.383789,-0.935547
1082,-0.394287,-0.928223
1083,0.37915,0.939941
1084,-0.393799,0.9375
1085,-0.944336,0.38623
1086,-0.387207,-0.933594
1087,-0.943359,0.386963
1088,-0.937988,0.377686
1089,-0.941406,-0.383545
1090,0.383301,0.92627
1091,0.928223,0.381348
1092,0.922852,0.376953
1093,0.92334,0.386719
1094,-0.929199,0.371826
1095,0.915527,0.382568
1096,-0.386719,-0.927734
1097,-0.389893,0.91748
1098,-0.387939,0.912109
1099,0.910645,-0.388672
1100,-0.924805,-0.379395
1101,-0.394287,-0.918457
1102,0.932617,0.375977
1103,0.916992,-0.379883
1104,-0.909668,0.389893
1105,0.371094,-0.943848
1106,-0.916992,0.400635
1107,-0.391357,0.918945
1108,-0.384033,-0.933105
1109,-0.383057,0.925781
1110,-0.922363,-0.391357
1111,-0.916016,0.37915
1112,-0.92334,0.374756
1113,-0.918945,0.380127
1114,0.929688,-0.390381
1115,-0.931641,0.386963
1116,-0.931641,-0.376465
1117,-0.393311,0.928223
1118,-0.371094,0.927246
1119,0.379883,0.917969
1120,0.376465,0.913086
1121,-0.390625,0.922852
1122,0.378906,0.925293
1123,-0.942871,-0.384277
1124,0.379883,0.924316
1125,-0.946777,0.392822
1126,-0.930664,-0.397949
1127,-0.384277,0.934082
1128,-0.927734,-0.387695
1129,-0.376709,0.925781
1130,0.387451,0.917969
1131,0.923828,-0.388428
1132,-0.924805,0.379395
1133,0.930664,0.368164
1134,0.91748,-0.384277
1135,-0.38916,-0.927246
1136,0.911133,0.380127
1137,-0.91748,0.38623
1138,0.922363,-0.380127
1139,-0.936523,-0.387939
1140,-0.935547,-0.391357
1141,0.383057,0.938965
1142,-0.924316,-0.37793
1143,0.379395,-0.938965
1144,0.365967,0.938965
1145,-0.37085,-0.92627
1146,0.920898,-0.374756
1147,-0.937012,-0.380615
1148,-0.391602,0.922363
1149,0.373779,0.915527
1150,-0.925293,-0.376465
1151,0.397461,0.920898
1152,0.931641,-0.38623
1153,-0.916992,0.386475
1154,-0.394531,-0.929688
1155,0.375,-0.92334
1156,0.380859,0.925781
1157,-0.927246,-0.375488
1158,-0.930664,-0.379639
1159,-0.918457,0.387939
1160,-0.383789,-0.927734
1161,-0.377197,-0.932129
1162,0.372559,-0.91748
1163,0.906738,0.4021
1164,-0.912598,0.369629
1165,0.919434,0.398682
1166,-0.939941,0.388916
1167,0.922852,0.385742
1168,-0.919922,-0.385498
1169,0.369629,0.917969
1170,-0.379639,-0.938965
1171,-0.40332,0.935547
1172,-0.929688,0.378662
1173,-0.383057,-0.924805
1174,0.929688,0.377441
1175,-0.383057,0.928711
1176,0.916504,0.379395
1177,0.390869,-0.921875
1178,0.371338,-0.929199
1179,-0.390381,0.925781
1180,-0.380127,0.913574
1181,0.386475,-0.933594
1182,-0.389404,0.923828
1183,0.929199,-0.380615
1184,0.908691,-0.380615
1185,-0.389893,-0.932129
1186,0.380859,-0.922852
1187,0.927734,0.389648
1188,-0.37915,0.924805
1189,-0.378418,0.930664
1190,0.928711,-0.38501
1191,-0.936035,0.385742
1192,0.390625,0.919922
1193,0.927734,0.398193
1194,0.935059,-0.377686
1195,0.908691,0.383789
1196,-0.94043,0.37793
1197,-0.381836,0.932129
1198,0.384521,0.928223
1199,-0.381592,0.922363
1200,-0.390869,0.918945
1201,-0.931152,-0.381348
1202,0.918945,-0.397705
1203,0.922363,-0.387207
1204,-0.927246,-0.388672
1205,-0.924316,-0.385986
1206,0.915039,0.387207
1207,0.381836,-0.921875
1208,0.371582,0.920898
1209,-0.395508,-0.933594
1210,0.381592,0.923828
1211,-0.919922,0.378906
1212,0.929688,0.379883
1213,0.364746,-0.928711
1214,-0.380615,-0.925781
1215,-0.924805,0.390137
1216,0.369141,0.920898
1217,-0.385742,0.922852
1218,-0.380371,0.922852
1219,0.92627,-0.391846
1220,-0.922852,-0.384033
1221,0.922852,0.375977
1222,0.917969,-0.384521
1223,-0.933105,0.390625
1224,0.913086,-0.38501
1225,-0.386719,0.935059
1226,-0.921875,0.382568
1227,-0.385254,-0.929199
1228,-0.389893,0.920898
1229,0.91748,0.39917
1230,-0.388916,-0.921387
1231,0.39209,-0.922363
1232,0.928711,-0.383545
1233,0.916016,-0.37793
1234,0.922363,-0.366699
1235,-0.385986,0.910156
1236,0.92334,-0.379639
1237,0.923828,0.393799
1238,0.912598,0.377441
1239,0.373047,0.930664
1240,0.385742,0.926758
1241,0.935059,0.388916
1242,0.380127,-0.933594
1243,0.927246,0.381348
1244,-0.378174,-0.93457
1245,-0.922363,0.375977
1246,-0.387207,0.915527
1247,-0.913086,0.366455
1248,-0.936035,-0.383301
1249,0.915039,-0.379395
1250,-0.928711,-0.388672
1251,-0.392334,0.930176
1252,-0.937988,-0.382324
1253,-0.927734,0.379395
1254,-0.384766,-0.925781
1255,0.378662,-0.925781
1256,0.924805,0.376709
1257,-0.930664,-0.369629
1258,0.924805,-0.386475
1259,0.921387,0.365723
1260,0.920898,-0.381104
1261,-0.927246,-0.381836
1262,-0.92334,0.392334
1263,0.390137,0.917969
1264,0.390869,0.924316
1265,0.929688,0.373779
1266,-0.931641,0.389404
1267,0.936035,0.379395
1268,-0.935059,-0.396729
1269,-0.37915,-0.930176
1270,-0.916504,0.381592
1271,-0.389404,-0.930664
1272,0.9375,0.389648
1273,0.384277,0.924805
1274,-0.933105,0.386719
1275,0.384766,-0.919922
1276,0.916504,-0.395752
1277,-0.919922,0.386475
1278,0.378906,-0.916016
1279,-0.914551,0.397949
1280,-0.396729,-0.935059
1281,0.376221,-0.925293
1282,0.395752,0.935059
1283,0.938477,0.382812
1284,0.380127,-0.931641
1285,-0.384033,-0.931152
1286,0.929688,-0.394775
1287,-0.924316,-0.390869
1288,0.389648,0.922363
1289,-0.386963,-0.92627
1290,0.921875,-0.377441
1291,-0.383057,0.92334
1292,0.397949,0.928711
1293,0.935059,0.36377
1294,-0.380127,-0.92334
1295,-0.401367,-0.921387
1296,-0.930176,0.38623
1297,-0.922363,-0.372559
1298,-0.385254,0.911621
1299,0.925781,-0.385742
1300,0.370605,0.914062
1301,-0.916992,-0.379639
1302,-0.931152,-0.379883
1303,-0.385986,0.920898
1304,0.905273,-0.38623
1305,-0.382812,-0.909668
1306,-0.932617,-0.389893
1307,0.377197,-0.918457
1308,0.909668,-0.390869
1309,-0.382324,0.924316
1310,0.901855,-0.395264
1311,-0.379395,-0.930664
1312,0.917969,-0.40918
1313,-0.391357,-0.929199
1314,-0.386719,0.933105
1315,-0.402344,-0.917969
1316,-0.944336,-0.386719
1317,0.932617,-0.385254
1318,-0.930176,-0.386963
1319,0.923828,-0.381836
1320,-0.938477,0.392334
1321,-0.935059,-0.380371
1322,-0.384766,-0.934082
1323,-0.395996,0.914062
1324,-0.390869,0.902832
1325,-0.394775,0.916504
1326,0.391357,-0.915039
1327,0.925293,-0.363281
1328,-0.381592,0.907715
1329,-0.36792,-0.932617
1330,-0.928711,0.381592
1331,-0.93457,0.384766
1332,0.919922,-0.383057
1333,-0.388428,0.935547
1334,-0.933105,0.393066
1335,-0.371338,0.93457
1336,0.382568,-0.920898
1337,-0.93457,0.385742
1338,0.373535,-0.932617
1339,0.378418,-0.928711
1340,-0.380371,0.927246
1341,-0.929688,0.388184
1342,-0.925781,0.380615
1343,0.929199,0.378174
1344,0.916016,0.403076
1345,0.922852,-0.378418
1346,0.380127,0.938477
1347,0.376953,0.926758
1348,-0.937012,0.38501
1349,0.922363,0.401855
1350,-0.923828,-0.385742
1351,0.924316,0.385742
1352,0.391846,0.933105
1353,-0.911133,-0.374756
1354,-0.383789,-0.925293
1355,-0.382812,0.936035
1356,0.379395,0.932617
1357,0.927246,-0.37793
1358,0.378418,-0.931641
1359,-0.365967,0.918945
1360,-0.374268,0.939941
1361,-0.925293,-0.367432
1362,0.92334,-0.376465
1363,0.390869,0.912598
1364,0.393555,-0.92627
1365,0.369873,-0.938477
1366,0.378662,-0.932617
1367,-0.385742,0.922363
1368,-0.395996,0.941406
1369,0.394287,-0.925293
1370,0.397705,-0.923828
1371,0.915039,0.389648
1372,0.381348,-0.930176
1373,-0.93457,0.386963
1374,0.395264,0.938477
1375,-0.941895,0.39502
1376,0.384277,0.946289
1377,-0.38623,0.91748
1378,0.916992,0.37915
1379,0.373535,-0.928223
1380,-0.373779,-0.924805
1381,-0.922852,-0.390137
1382,0.374023,-0.918457
1383,0.925293,-0.375488
1384,0.911621,0.389893
1385,-0.382568,0.912598
1386,-0.912598,-0.378418
1387,0.376709,-0.935059
1388,-0.379883,-0.916992
1389,0.375244,-0.931641
1390,0.929199,0.382568
1391,-0.914551,-0.370117
1392,-0.382812,0.918945
1393,0.371094,0.92041
1394,-0.393555,0.929199
1395,0.92041,-0.381104
1396,-0.916992,-0.377441
1397,0.373291,-0.914551
1398,-0.373047,-0.90918
1399,0.914551,0.378662
1400,-0.389648,0.935059
1401,-0.921387,0.385254
1402,-0.394287,-0.926758
1403,-0.921387,-0.383301
1404,-0.37915,-0.929688
1405,-0.393311,0.923828
1406,-0.373047,0.924805
1407,-0.372803,0.913574
1408,0.38916,0.929688
1409,0.904785,-0.383057
1410,-0.386963,0.925781
1411,0.918945,0.37207
1412,-0.381104,0.928711
1413,-0.925293,0.378418
1414,0.381836,0.918945
1415,-0.922363,-0.386719
1416,0.933105,-0.38501
1417,-0.930664,-0.389648
1418,-0.373535,-0.935547
1419,-0.380859,-0.930176
1420,0.388428,0.923828
1421,0.392822,-0.930176
1422,0.930664,-0.374023
1423,-0.924316,0.385254
1424,-0.919434,-0.37915
1425,-0.930664,0.378906
1426,-0.916016,-0.392822
1427,-0.942871,0.385742
1428,-0.387451,0.927734
1429,0.370361,-0.925781
1430,0.928223,-0.368164
1431,-0.937012,0.377441
1432,-0.945312,0.375977
1433,0.388428,0.933594
1434,0.922852,0.369629
1435,-0.379883,-0.915527
1436,-0.919434,0.391846
1437,0.917969,0.381348
1438,-0.928711,-0.373291
1439,0.364746,-0.935547
1440,-0.399658,-0.908203
1441,0.385254,0.907715
1442,-0.919434,0.377441
1443,-0.916992,0.380371
1444,-0.381104,-0.909668
1445,-0.376709,0.917969
1446,0.37793,-0.904785
1447,0.365723,-0.911133
1448,-0.374268,-0.916504
1449,0.376221,-0.91748
1450,-0.37915,0.921387
1451,0.38623,-0.916992
1452,-0.930176,0.379639
1453,-0.921387,0.370117
1454,-0.925293,-0.391357
1455,0.925781,0.383057
1456,0.37915,0.931641
1457,0.917969,0.375244
1458,0.379883,0.92334
1459,0.918945,-0.394043
1460,0.380615,-0.911621
1461,0.36499,0.925293
1462,0.371826,0.91748
1463,0.382812,-0.920898
1464,-0.383789,0.918457
1465,0.933594,0.386963
1466,0.916504,-0.376709
1467,0.943848,0.377197
1468,0.375977,-0.950195
1469,0.938965,0.377686
1470,0.91748,-0.391846
1471,-0.929199,-0.383057
1472,0.37915,0.920898
1473,0.391602,-0.921387
1474,-0.937988,-0.385254
1475,0.381592,-0.939941
1476,-0.913574,-0.375732
1477,-0.380127,0.925781
1478,0.915527,0.371582
1479,0.920898,0.369141
1480,0.392822,0.929199
1481,0.930664,0.383057
1482,0.397949,0.908691
1483,-0.374756,-0.910156
1484,0.910645,-0.388428
1485,0.921387,0.376221
1486,0.910645,-0.380859
1487,-0.387451,-0.908203
1488,-0.913574,0.390625
1489,-0.383545,-0.914551
1490,0.378418,0.90918
1491,0.91748,0.388428
1492,-0.916992,-0.378174
1493,0.370605,0.919922
1494,-0.378174,-0.921875
1495,-0.378418,0.921387
1496,0.919922,0.378174
1497,0.911133,-0.371826
1498,0.928223,0.375
1499,-0.915039,-0.376221
1500,-0.394287,0.923828
1501,-0.379395,-0.929688
1502,0.380859,0.927246
1503,-0.925293,-0.385498
1504,0.390381,-0.929688
1505,0.93457,0.373047
1506,0.926758,-0.383789
1507,0.929199,-0.389893
1508,0.925781,-0.388184
1509,0.924805,-0.376221
1510,0.383057,-0.942383
1511,0.920898,-0.371582
1512,0.923828,0.397461
1513,0.924805,-0.388428
1514,-0.909668,0.390625
1515,0.907227,-0.390137
1516,-0.380615,0.916504
1517,-0.920898,-0.386475
1518,-0.911621,-0.382324
1519,0.907227,0.379639
1520,0.910156,0.378418
1521,0.92627,0.376953
1522,0.383545,0.928223
1523,0.92627,0.398926
1524,-0.385254,0.940918
1525,-0.373535,0.92627
1526,0.920898,-0.385498
1527,0.384766,0.910645
1528,-0.380127,0.921875
1529,-0.374268,0.909668
1530,-0.368408,0.913574
1531,0.915039,-0.395508
1532,-0.375488,-0.922363
1533,0.382324,0.912109
1534,0.380127,0.918457
1535,0.37793,0.908203
1536,-0.381104,0.93457
1537,-0.382568,-0.920898
1538,0.35791,-0.916504
1539,-0.372314,0.915039
1540,-0.923828,0.380127
1541,0.374268,0.914551
1542,-0.374756,-0.925781
1543,-0.907715,-0.365723
1544,0.921875,-0.375977
1545,0.381104,-0.933105
1546,0.377441,0.921875
1547,0.918945,0.378418
1548,-0.378174,-0.930176
1549,0.911621,-0.382568
1550,-0.378174,0.921875
1551,0.931152,0.39624
1552,-0.376953,0.927246
1553,0.920898,0.386719
1554,0.394043,-0.928711
1555,-0.91748,-0.388916
1556,0.910156,0.392822
1557,0.390625,-0.919922
1558,-0.390869,-0.936035
1559,0.364502,0.928223
1560,0.927734,-0.377686
1561,-0.916504,0.376221
1562,0.380859,0.927734
1563,-0.385254,0.922852
1564,-0.366699,-0.912109
1565,-0.373779,0.915039
1566,0.384033,-0.91748
1567,0.379639,-0.923828
1568,0.92041,0.374756
1569,0.366455,-0.916504
1570,0.39209,0.918457
1571,-0.374756,0.902832
1572,0.367676,-0.913574
1573,-0.371094,0.915039
1574,-0.919922,0.392334
1575,-0.916992,-0.368164
1576,-0.37793,0.925293
1577,0.400146,0.913574
1578,-0.91748,-0.376221
1579,-0.370605,0.923828
1580,-0.910156,0.382812
1581,-0.922852,-0.375732
1582,0.912109,0.384521
1583,-0.388428,0.925293
1584,0.92334,0.387939
1585,0.384277,-0.939941
1586,0.377441,-0.942871
1587,-0.924805,-0.386719
1588,0.931641,-0.385254
1589,0.924805,-0.376709
1590,0.383057,-0.926758
1591,-0.372803,-0.931152
1592,-0.928223,0.392578
1593,-0.930176,0.371338
1594,0.936523,0.376953
1595,-0.381104,0.928223
1596,0.378662,-0.922852
1597,0.376465,0.91748
1598,-0.365234,0.933105
1599,0.931152,0.390625
1600,-0.386719,-0.92041
1601,0.376953,0.930664
1602,0.927734,-0.387939
1603,0.925293,0.369141
1604,-0.383545,0.919922
1605,-0.378662,0.928223
1606,-0.368896,-0.923828
1607,0.916992,-0.387939
1608,-0.913574,-0.387939
1609,0.389893,-0.927246
1610,-0.913574,0.38916
1611,-0.918457,-0.384521
1612,0.910156,-0.384033
1613,-0.919434,0.395752
1614,-0.381104,0.927246
1615,0.394531,-0.915527
1616,-0.913574,0.403076
1617,0.925781,-0.384277
1618,0.382568,-0.9375
1619,-0.389893,0.922852
1620,0.370117,-0.924316
1621,-0.925781,-0.36499
1622,-0.930176,-0.381348
1623,-0.38208,0.926758
1624,0.378662,-0.927734
1625,0.913086,-0.381592
1626,-0.37793,-0.911133
1627,-0.375732,0.924316
1628,0.92627,-0.385254
1629,0.377686,0.925781
1630,0.925781,0.392578
1631,0.934082,-0.375
